<?xml version="1.0" encoding="UTF-8"?>
<configuration scan="true" scanPeriod="60 seconds" debug="false">
	<contextName>GatewayServices</contextName>
	
	<!--输出到控制台 -->
	<appender name="console"
		class="ch.qos.logback.core.ConsoleAppender">
		<encoder>
			<pattern>%d{HH:mm:ss.SSS} %contextName [%thread] %-5level %logger - %msg%n</pattern>
		</encoder>
	</appender>

	<!--输出到文件 -->
	<appender name="file" class="ch.qos.logback.core.rolling.RollingFileAppender">
		<rollingPolicy class="ch.qos.logback.core.rolling.TimeBasedRollingPolicy">
			<fileNamePattern>/opt/microservice/log/gateway/gatewayservices.%d{yyyy-MM-dd}.log</fileNamePattern>
			<maxHistory>2</maxHistory>
		</rollingPolicy>
		<encoder>
			<pattern>{"time":"%d{yyyy-MM-dd HH:mm:ss.SSS}","project":"gateway","level":"%level","thread":"%thread","class":"%logger{0}","msg":"%msg"}%n</pattern>
		</encoder>
	</appender>

	<springProfile name="gatewaypeer1">
		<root level="DEBUG">
	        <appender-ref ref="file" />
	    </root> 
		<logger name="com.yann.microservice.gateway" level="DEBUG" additivity="false">
			<appender-ref ref="file" />
		</logger>
	</springProfile>
</configuration>