<?xml version="1.0" encoding="UTF-8"?>
<configuration scan="true" scanPeriod="60 seconds"
	debug="false">
	
	<springProperty scope="context" name="logSeparator" source="log.file.name" defaultValue="default"/>
	
	<contextName>EurekaClientServices</contextName>

	<!--输出到控制台 -->
	<appender name="console"
		class="ch.qos.logback.core.ConsoleAppender">
		<encoder>
			<pattern>%d{HH:mm:ss.SSS} %contextName [%thread] %-5level %logger{36}
				- %msg%n</pattern>
		</encoder>
	</appender>

	<!--输出到文件 -->
	<appender name="file"
		class="ch.qos.logback.core.rolling.RollingFileAppender">
		<rollingPolicy
			class="ch.qos.logback.core.rolling.TimeBasedRollingPolicy">
			<fileNamePattern>/opt/microservice/log/client/eurekaclientservices-${logSeparator}.%d{yyyy-MM-dd}.log
			</fileNamePattern>
			<maxHistory>30</maxHistory>
		</rollingPolicy>
		<encoder>
			<pattern>%d{HH:mm:ss.SSS} %contextName [%thread] %-5level %logger{36}
				- %msg%n</pattern>
		</encoder>
	</appender>

	<springProfile name="k8s">
		<root level="INFO">
			<appender-ref ref="file" />
		</root>
		<logger name="org.yann.eureka.client.demo" level="DEBUG"
			additivity="false">
			<appender-ref ref="file" />
		</logger>
	</springProfile>
	<springProfile name="clientpeer1">
		<root level="INFO">
			<appender-ref ref="file" />
		</root>
		<logger name="org.yann.eureka.client.demo" level="DEBUG"
			additivity="false">
			<appender-ref ref="file" />
		</logger>
	</springProfile>
	<springProfile name="db">
		<root level="INFO">
			<appender-ref ref="file" />
		</root>
		<logger name="org.yann.eureka.client.demo" level="DEBUG"
			additivity="false">
			<appender-ref ref="file" />
		</logger>
	</springProfile>
	<springProfile name="local">
		<root level="INFO">
			<appender-ref ref="console" />
		</root>
		<logger name="org.yann.eureka.client.demo" level="DEBUG"
			additivity="false">
			<appender-ref ref="console" />
		</logger>
	</springProfile>
</configuration>